"Air Quality Statistics by City, 2023",,,,,,,,,,,
"Note: The values shown are the highest among the sites in each area. Data from exceptional events are included.  This summary is not adequate in itself to numerically rank CBSAs according to their air quality.  The monitoring data represent the quality of air in the vicinity of the monitoring site and, for some pollutants, may not necessarily represent urban-wide air quality.  PM2.5 summary statistics are based on AQS data as of August 12, 2024.  All other pollutant summary statistics as of May 7, 2024.",,,,,,,,,,,
Core Based Statistical Area (CBSA),2010 Population,CBSA Code,CO           8-hr (ppm),Pb          3-mo (µg/m3),NO2      AM (ppb),NO2          1-hr (ppb),O3            8-hr (ppm),PM10         24-hr (µg/m3) ,PM2.5         Wtd AM (µg/m3) ,PM2.5         24-hr (µg/m3) ,SO2         1-hr (ppb)
"Aberdeen, SD",40602,10100,ND,ND,ND,ND,ND,89,7,36,ND
"Aberdeen, WA",72797,10140,ND,ND,ND,ND,ND,ND,IN,IN,ND
"Ada, OK",37492,10220,ND,ND,ND,ND,0.037,81,ND,ND,ND
"Adjuntas, PR",19483,10260,ND,ND,ND,ND,ND,ND,IN,IN,ND
"Adrian, MI",99892,10300,ND,ND,ND,ND,0.071,ND,IN,IN,ND
"Aguadilla-Isabela, PR",339441,10380,ND,ND,ND,ND,ND,ND,IN,IN,ND
"Akron, OH",703200,10420,ND,ND,ND,ND,0.071,128,9.4,49,8
"Albany, GA",157308,10500,ND,ND,ND,ND,ND,ND,9.4,29,ND
"Albany, OR",116672,10540,ND,ND,ND,ND,ND,ND,IN,IN,ND
"Albany-Schenectady-Troy, NY",870716,10580,ND,ND,ND,ND,0.068,ND,8.1,30,ND
"Albert Lea, MN",31255,10660,ND,ND,ND,ND,ND,ND,IN,IN,ND
"Albuquerque, NM",887077,10740,2,ND,8,43,0.069,182,7.5,23,IN
"Alexandria, LA",153922,10780,ND,ND,ND,ND,ND,ND,8.8,19,ND
"Alexandria, MN",36009,10820,ND,ND,ND,ND,ND,ND,IN,IN,ND
"Allentown-Bethlehem-Easton, PA-NJ",821173,10900,ND,0.18,11,41,0.07,91,9.7,30,7
"Alpena, MI",29598,10980,ND,ND,ND,ND,ND,ND,IN,IN,ND
"Altoona, PA",127089,11020,ND,ND,ND,ND,0.068,ND,9,30,5
"Amarillo, TX",251933,11100,ND,ND,ND,ND,0.068,ND,5.7,15,148
"Americus, GA",37829,11140,ND,ND,ND,ND,0.064,ND,ND,ND,ND
"Ames, IA",89542,11180,ND,ND,ND,ND,ND,ND,IN,IN,ND
"Anchorage, AK",380821,11260,2,ND,ND,ND,ND,130,4.2,18,ND
"Ann Arbor, MI",344791,11460,ND,ND,ND,ND,0.073,ND,10.6,33,ND
"Appleton, WI",225666,11540,ND,ND,ND,ND,0.072,ND,10,47,26
"Ardmore, OK",47557,11620,ND,ND,ND,ND,0.077,ND,IN,IN,ND
"Arecibo, PR",199471,11640,ND,0.01,ND,ND,ND,ND,ND,ND,ND
"Arkadelphia, AR",22995,11660,ND,ND,ND,ND,0.065,ND,ND,ND,ND
"Asheville, NC",424858,11700,ND,ND,ND,ND,0.069,27,6.4,22,20
"Ashtabula, OH",101497,11780,ND,ND,ND,ND,0.069,ND,ND,ND,ND
"Athens, OH",64757,11900,ND,ND,ND,ND,ND,ND,6.8,19,ND
"Athens, TN",52266,11940,ND,ND,ND,ND,ND,ND,8.3,22,ND
"Athens-Clarke County, GA",192541,12020,ND,ND,ND,ND,0.068,ND,9.3,26,ND
"Atlanta-Sandy Springs-Roswell, GA",5286728,12060,2,ND,15,48,0.077,60,10.6,28,5
"Atlantic City-Hammonton, NJ",274549,12100,ND,ND,ND,ND,0.058,ND,7.9,25,0
"Augusta-Richmond County, GA-SC",564873,12260,ND,ND,ND,ND,0.063,47,9.9,23,44
"Augusta-Waterville, ME",122151,12300,ND,ND,ND,ND,0.055,35,6.2,24,ND
"Austin-Round Rock, TX",1716289,12420,2,ND,13,IN,0.074,53,10.4,25,IN
"Bakersfield, CA",839631,12540,1,ND,19,48,0.089,130,13.6,38,ND
"Baltimore-Columbia-Towson, MD",2710489,12580,1,ND,15,45,0.075,42,10.1,32,4
"Bangor, ME",153923,12620,ND,ND,ND,ND,0.058,34,5.3,16,ND
"Baraboo, WI",61976,12660,ND,ND,ND,ND,0.076,153,9.2,38,ND
"Barnstable Town, MA",215888,12700,ND,ND,ND,ND,0.066,ND,ND,ND,ND
"Barre, VT",59534,12740,ND,ND,ND,ND,ND,ND,IN,IN,ND
"Bartlesville, OK",50976,12780,ND,ND,ND,ND,ND,ND,IN,IN,ND
"Baton Rouge, LA",802484,12940,1,0.01,7,38,0.077,57,9.4,19,24
"Bay City, MI",107771,13020,ND,ND,ND,ND,ND,ND,9.5,30,ND
"Beatrice, NE",22311,13100,ND,ND,ND,ND,ND,ND,7.2,23,ND
"Beaumont-Port Arthur, TX",403190,13140,ND,ND,6,31,0.07,ND,10.1,24,70
"Beaver Dam, WI",88759,13180,1,ND,ND,ND,0.078,193,9.4,43,2
"Beckley, WV",124898,13220,ND,ND,ND,ND,ND,ND,IN,IN,ND
"Bellingham, WA",201140,13380,ND,ND,ND,ND,0.055,ND,5,12,4
"Bemidji, MN",44442,13420,ND,ND,ND,ND,ND,ND,7.7,31,ND
"Bend-Redmond, OR",157733,13460,ND,ND,ND,ND,ND,ND,IN,IN,ND
"Bennington, VT",37125,13540,ND,ND,ND,ND,0.065,ND,6.3,32,ND
"Berlin, NH-VT",39361,13620,ND,ND,ND,ND,0.068,ND,IN,IN,ND
"Big Spring, TX",36238,13700,ND,ND,ND,ND,ND,ND,ND,ND,161
"Billings, MT",158934,13740,ND,ND,ND,ND,ND,ND,6.7,29,19
"Binghamton, NY",251725,13780,ND,ND,ND,ND,ND,ND,IN,IN,ND
"Birmingham-Hoover, AL",1128047,13820,1,ND,9,40,0.075,90,10.1,24,55
"Bishop, CA",3879,13860,0,ND,ND,ND,0.071,700,8.5,27,1
"Bismarck, ND",114778,13900,1,ND,5,36,0.073,124,10.8,56,10
"Blacksburg-Christiansburg-Radford, VA",178237,13980,ND,0,ND,ND,0.067,ND,ND,ND,39
"Bloomington, IL",186133,14010,ND,ND,ND,ND,0.077,ND,10.2,27,ND
"Bloomington, IN",159549,14020,ND,ND,ND,ND,0.077,ND,8.7,28,ND
"Bluefield, WV-VA",107342,14140,ND,ND,ND,ND,ND,ND,IN,IN,ND
"Blytheville, AR",46480,14180,ND,ND,ND,ND,ND,ND,IN,IN,ND
"Boise City, ID",616561,14260,1,ND,8,38,0.066,84,IN,IN,3
"Boone, NC",51079,14380,ND,ND,ND,ND,ND,ND,IN,IN,ND
"Borger, TX",22150,14420,ND,ND,ND,ND,ND,ND,ND,ND,102
"Boston-Cambridge-Newton, MA-NH",4552402,14460,1,ND,11,45,0.071,47,7.8,22,5
"Boulder, CO",294567,14500,ND,ND,ND,ND,0.071,39,6.8,19,ND
"Bowling Green, KY",158599,14540,1,ND,ND,ND,0.071,ND,8,26,IN
"Bozeman, MT",89513,14580,1,ND,2,IN,ND,ND,3,9,ND
"Brainerd, MN",91067,14660,ND,ND,ND,ND,0.071,ND,7.9,29,ND
"Bremerton-Silverdale, WA",251133,14740,ND,ND,ND,ND,ND,ND,4.9,19,ND
"Bridgeport-Stamford-Norwalk, CT",916829,14860,ND,ND,9,47,0.082,106,8.7,27,4
"Brookings, SD",31965,15100,ND,ND,ND,ND,0.07,91,6.4,27,ND
"Brownsville-Harlingen, TX",406220,15180,ND,ND,ND,ND,0.06,ND,11.6,33,ND
"Brunswick, GA",112370,15260,ND,ND,ND,ND,0.058,ND,8.2,20,ND
"Buffalo-Cheektowaga-Niagara Falls, NY",1135509,15380,1,ND,10,43,0.067,44,9,37,3
"Burlington, NC",151131,15500,ND,ND,ND,ND,ND,ND,IN,IN,ND
"Burlington-South Burlington, VT",211261,15540,1,ND,ND,ND,0.064,22,7.3,24,1
"Butte-Silver Bow, MT",34200,15580,ND,ND,ND,ND,ND,72,7.3,25,ND
"Cadillac, MI",47584,15620,ND,ND,1,6,0.071,ND,10.4,27,ND
"Cambridge, MD",32618,15700,ND,ND,ND,ND,0.071,ND,7.5,24,1
"Cambridge, OH",40087,15740,ND,ND,ND,ND,ND,ND,ND,ND,49
"Cañon City, CO",46824,15860,ND,ND,ND,ND,ND,43,ND,ND,ND
"Canton-Massillon, OH",404422,15940,ND,0.15,ND,ND,0.07,72,10.7,31,ND
"Cape Coral-Fort Myers, FL",618754,15980,ND,ND,ND,ND,0.064,ND,IN,IN,ND
"Carlsbad-Artesia, NM",53829,16100,ND,ND,5,31,0.076,ND,ND,ND,ND
"Carson City, NV",55274,16180,ND,ND,ND,ND,0.066,ND,4.8,14,ND
"Casper, WY",75450,16220,ND,ND,4,34,0.058,ND,3.1,13,7
"Cedar City, UT",46163,16260,ND,ND,6,61,0.061,ND,5,10,ND
"Cedar Rapids, IA",257940,16300,ND,ND,ND,ND,0.08,68,9.9,25,10
"Centralia, WA",75455,16500,ND,ND,ND,ND,ND,ND,IN,IN,ND
"Chambersburg-Waynesboro, PA",149618,16540,ND,ND,ND,ND,0.067,ND,ND,ND,ND
"Champaign-Urbana, IL",231891,16580,1,ND,ND,ND,0.077,ND,8.7,22,3
"Charleston, WV",227078,16620,1,ND,ND,ND,0.06,ND,8.8,25,5
"Charleston-North Charleston, SC",664607,16700,ND,ND,7,IN,0.062,70,8.1,20,6
"Charlotte-Concord-Gastonia, NC-SC",2217012,16740,2,ND,11,37,0.073,51,10,26,2
"Charlottesville, VA",218705,16820,ND,ND,ND,ND,0.065,ND,8.2,34,ND
"Chattanooga, TN-GA",528143,16860,ND,ND,ND,ND,0.066,ND,11,30,ND
"Cheyenne, WY",91738,16940,0,ND,3,29,0.059,92,5.6,22,1
"Chicago-Naperville-Elgin, IL-IN-WI",9461105,16980,1,0.1,17,54,0.086,137,11.2,31,79
"Chico, CA",220000,17020,1,ND,5,IN,0.066,77,7.8,23,ND
"Cincinnati, OH-KY-IN",2114580,17140,1,ND,18,49,0.077,111,12.2,44,21
"Claremont-Lebanon, NH-VT",218466,17200,ND,ND,ND,ND,0.062,ND,5.5,17,ND
"Clarksburg, WV",94196,17220,ND,ND,ND,ND,ND,ND,8.4,23,ND
"Clarksville, TN-KY",260625,17300,ND,ND,ND,ND,0.07,ND,8.6,22,ND
"Clearlake, CA",64665,17340,ND,ND,ND,ND,0.048,26,4.1,14,ND
"Cleveland, MS",34145,17380,ND,ND,ND,ND,0.069,ND,9.9,26,ND
"Cleveland-Elyria, OH",2077240,17460,5,0.04,9,44,0.075,147,12.8,40,27
"Clinton, IA",49116,17540,ND,ND,ND,ND,0.078,ND,10.3,26,17
"Coco, PR",31078,17640,ND,ND,ND,ND,ND,ND,ND,ND,IN
"Coeur d'Alene, ID",138494,17660,ND,ND,ND,ND,ND,ND,IN,IN,ND
"College Station-Bryan, TX",228660,17780,ND,ND,ND,ND,ND,ND,8,20,29
"Colorado Springs, CO",645613,17820,1,ND,ND,ND,0.069,32,5.4,13,5
"Columbia, MO",162642,17860,ND,ND,ND,ND,0.072,ND,IN,IN,ND
"Columbia, SC",767598,17900,1,ND,3,28,0.069,44,8.2,22,2
"Columbus, GA-AL",294865,17980,ND,ND,ND,ND,0.064,ND,10.5,25,ND
"Columbus, IN",76794,18020,ND,ND,ND,ND,0.076,ND,8.4,24,ND
"Columbus, MS",59779,18060,ND,ND,ND,ND,ND,ND,IN,IN,ND
"Columbus, OH",1901974,18140,1,0,9,43,0.069,97,10.9,36,4
"Concord, NH",146445,18180,ND,ND,ND,ND,0.062,ND,IN,IN,13
"Cookeville, TN",106042,18260,ND,ND,ND,ND,ND,ND,7.7,21,ND
"Corning, NY",98990,18500,1,ND,ND,ND,0.068,ND,7.6,34,1
"Corpus Christi, TX",428185,18580,ND,ND,ND,ND,0.065,38,8.9,24,4
"Corsicana, TX",47735,18620,ND,ND,3,IN,0.064,ND,IN,IN,185
"Corvallis, OR",85579,18700,ND,ND,ND,ND,ND,ND,IN,IN,ND
"Crawfordsville, IN",38124,18820,ND,ND,ND,ND,ND,ND,IN,IN,ND
"Crescent City, CA",28610,18860,ND,ND,ND,ND,ND,ND,IN,IN,ND
"Crestview-Fort Walton Beach-Destin, FL",235865,18880,ND,ND,ND,ND,0.06,57,ND,ND,ND
"Cullowhee, NC",40271,19000,ND,ND,ND,ND,ND,ND,IN,IN,ND
"Dallas-Fort Worth-Arlington, TX",6426214,19100,2,0.07,14,46,0.084,70,10.7,23,17
"Dalton, GA",142227,19140,ND,ND,ND,ND,0.07,ND,ND,ND,ND
"Daphne-Fairhope-Foley, AL",182265,19300,ND,ND,ND,ND,0.065,ND,7.6,18,ND
"Davenport-Moline-Rock Island, IA-IL",379690,19340,1,ND,ND,ND,0.08,109,10.4,28,4
"Dayton, OH",799232,19380,1,ND,ND,ND,0.073,136,10.1,34,5
"Decatur, AL",153829,19460,ND,ND,ND,ND,0.069,ND,7.3,17,ND
"Decatur, IL",110768,19500,ND,ND,ND,ND,0.079,ND,9.7,25,66
"Deltona-Daytona Beach-Ormond Beach, FL",590289,19660,ND,ND,ND,ND,0.059,54,7.5,18,ND
"Deming, NM",25095,19700,ND,ND,ND,ND,ND,236,ND,ND,ND
"Denver-Aurora-Lakewood, CO",2543482,19740,2,ND,24,65,0.077,89,8.7,24,6
"Des Moines-West Des Moines, IA",569633,19780,ND,ND,IN,IN,0.077,56,10.2,31,ND
"Detroit-Warren-Dearborn, MI",4296250,19820,2,0.03,14,50,0.079,161,14.7,46,55
"Dickinson, ND",24199,19860,ND,ND,ND,ND,0.07,ND,7.4,35,6
"Dodge City, KS",33848,19980,ND,ND,ND,ND,ND,127,ND,ND,ND
"Dothan, AL",145639,20020,ND,ND,ND,ND,ND,ND,IN,IN,ND
"Douglas, GA",42356,20060,ND,ND,ND,ND,ND,ND,7.9,21,ND
"Dover, DE",162310,20100,ND,ND,ND,ND,0.069,ND,8,39,ND
"Duluth, MN-WI",279771,20260,ND,0,4,34,0.068,92,7.6,27,13
"Durango, CO",51334,20420,1,ND,4,IN,0.067,ND,IN,IN,ND
"Durham-Chapel Hill, NC",504357,20500,ND,ND,ND,ND,0.066,42,8,24,3
"Dyersburg, TN",38335,20540,ND,ND,ND,ND,ND,ND,7.5,19,ND
"Eagle Pass, TX",54258,20580,ND,ND,ND,ND,ND,ND,7.9,25,ND
"East Stroudsburg, PA",169842,20700,ND,ND,ND,ND,0.066,ND,IN,IN,ND
"Eau Claire, WI",161151,20740,ND,ND,ND,ND,0.074,96,9.4,39,ND
"Effingham, IL",34242,20820,ND,ND,ND,ND,0.078,ND,ND,ND,ND
"El Centro, CA",174528,20940,2,ND,9,55,0.081,523,9.5,30,5
"El Dorado, AR",41639,20980,ND,ND,ND,ND,ND,ND,9.8,20,ND
"Elizabeth City, NC",64094,21020,ND,ND,ND,ND,ND,ND,IN,IN,ND
"Elizabethtown-Fort Knox, KY",148338,21060,ND,ND,ND,ND,0.07,ND,8.6,29,ND
"Elkhart-Goshen, IN",197559,21140,ND,ND,ND,ND,0.071,ND,9.4,30,ND
"Elko, NV",50805,21220,ND,ND,ND,ND,0.052,48,ND,ND,ND
"Ellensburg, WA",40915,21260,ND,ND,ND,ND,ND,ND,6.5,18,ND
"El Paso, TX",804123,21340,2,ND,15,57,0.074,180,8.6,23,6
"Enid, OK",60580,21420,ND,ND,ND,ND,ND,ND,IN,IN,37
"Erie, PA",280566,21500,1,ND,5,32,0.068,72,8.5,33,ND
"Española, NM",40246,21580,ND,ND,ND,ND,0.06,ND,ND,ND,ND
"Eugene, OR",351715,21660,ND,ND,ND,ND,0.06,118,10.1,46,ND
"Eureka-Arcata-Fortuna, CA",134623,21700,IN,ND,2,14,0.047,44,7,148,1
"Evanston, WY",21118,21740,ND,ND,ND,ND,ND,35,ND,ND,ND
"Evansville, IN-KY",311552,21780,1,ND,3,25,0.075,53,10.1,26,94
"Fairbanks, AK",97581,21820,2,ND,ND,ND,0.05,138,11.7,63,15
"Fairmont, WV",56418,21900,ND,ND,ND,ND,ND,ND,8.3,25,ND
"Fallon, NV",24877,21980,ND,ND,ND,ND,0.064,ND,ND,ND,ND
"Fargo, ND-MN",208777,22020,ND,ND,4,IN,0.07,ND,11.5,39,3
"Farmington, NM",130044,22140,ND,ND,9,36,0.069,98,IN,IN,2
"Fayetteville, NC",366383,22180,ND,ND,ND,ND,0.067,41,9.1,25,ND
"Fayetteville-Springdale-Rogers, AR-MO",463204,22220,ND,ND,ND,ND,0.072,31,IN,IN,ND
"Fergus Falls, MN",57303,22260,ND,ND,ND,ND,ND,ND,IN,IN,ND
"Fernley, NV",51980,22280,ND,ND,ND,ND,0.063,ND,ND,ND,ND
"Findlay, OH",74782,22300,ND,ND,ND,ND,ND,ND,ND,ND,18
"Flagstaff, AZ",134421,22380,ND,ND,ND,ND,0.068,ND,IN,IN,ND
"Flint, MI",425790,22420,ND,ND,ND,ND,0.072,ND,8.7,29,ND
"Florence, SC",205566,22500,ND,IN,ND,ND,0.066,ND,9.1,26,ND
"Florence-Muscle Shoals, AL",147137,22520,ND,ND,ND,ND,ND,ND,IN,IN,ND
"Fond du Lac, WI",101633,22540,ND,ND,ND,ND,0.071,ND,ND,ND,ND
"Fort Collins, CO",299630,22660,1,ND,ND,ND,0.071,ND,IN,IN,ND
"Fort Madison-Keokuk, IA-IL-MO",62105,22800,ND,ND,ND,ND,ND,ND,IN,IN,ND
"Fort Payne, AL",14101,22840,ND,ND,ND,ND,0.066,ND,8.9,21,ND
"Fort Smith, AR-OK",280467,22900,ND,ND,IN,IN,0.065,ND,8.4,20,ND
"Fort Wayne, IN",416257,23060,ND,ND,ND,ND,0.075,ND,10,33,ND
"Frankfort, KY",70706,23180,ND,ND,ND,ND,ND,ND,IN,IN,ND
"Fremont, NE",36691,23340,ND,IN,ND,ND,ND,ND,ND,ND,ND
"Fresno, CA",930450,23420,2,ND,17,51,0.082,126,12.6,40,5
"Gadsden, AL",104430,23460,ND,ND,ND,ND,0.065,ND,9.8,22,ND
"Gainesville, FL",264275,23540,ND,ND,ND,ND,0.058,ND,6.3,17,ND
"Gainesville, GA",179684,23580,ND,ND,ND,ND,ND,ND,8.9,23,ND
"Gardnerville Ranchos, NV",46997,23820,ND,ND,ND,ND,ND,ND,6.1,18,ND
"Georgetown, SC",60158,23860,ND,ND,ND,ND,ND,ND,IN,IN,ND
"Gettysburg, PA",101407,23900,1,ND,3,12,0.07,ND,10.5,36,3
"Gillette, WY",46133,23940,ND,ND,1,8,0.06,129,5.9,34,ND
"Glenwood Springs, CO",73537,24060,ND,ND,IN,IN,0.06,50,IN,IN,ND
"Goldsboro, NC",122623,24140,ND,ND,ND,ND,ND,ND,IN,IN,ND
"Grand Forks, ND-MN",98461,24220,ND,ND,ND,ND,ND,ND,IN,IN,ND
"Grand Island, NE",81850,24260,ND,ND,ND,ND,ND,ND,7.5,23,ND
"Grand Junction, CO",146723,24300,ND,ND,ND,ND,0.061,37,4.4,10,ND
"Grand Rapids-Wyoming, MI",988938,24340,1,ND,7,34,0.074,178,10.2,36,3
"Grants Pass, OR",82713,24420,ND,ND,ND,ND,ND,ND,11.4,55,ND
"Great Falls, MT",81327,24500,ND,ND,ND,ND,ND,ND,IN,IN,ND
"Greeley, CO",252825,24540,1,ND,7,47,0.068,ND,7.7,23,ND
"Green Bay, WI",306241,24580,ND,ND,ND,ND,0.075,ND,9.5,38,ND
"Greenfield Town, MA",71372,24640,ND,ND,ND,ND,0.063,ND,7.8,29,ND
"Greensboro-High Point, NC",723801,24660,ND,ND,ND,ND,0.067,39,9.8,25,4
"Greenville, NC",168148,24780,ND,ND,ND,ND,0.063,ND,7.7,27,ND
"Greenville-Anderson-Mauldin, SC",824112,24860,ND,ND,7,IN,0.067,60,8.9,24,2
"Greenwood, SC",95078,24940,ND,ND,ND,ND,ND,ND,IN,IN,ND
"Grenada, MS",21906,24980,ND,ND,ND,ND,ND,ND,IN,IN,ND
"Guayama, PR",84214,25020,ND,ND,ND,ND,ND,62,IN,IN,IN
"Gulfport-Biloxi-Pascagoula, MS",370702,25060,ND,ND,4,26,0.067,ND,8.8,21,4
"Hagerstown-Martinsburg, MD-WV",251599,25180,ND,ND,ND,ND,0.071,ND,10.3,32,ND
"Hammond, LA",121097,25220,ND,ND,ND,ND,ND,ND,7.8,15,ND
"Hanford-Corcoran, CA",152982,25260,ND,ND,7,38,0.079,143,12.5,37,ND
"Harrisburg-Carlisle, PA",549475,25420,ND,ND,ND,ND,0.072,130,11.3,32,ND
"Harrison, AR",45233,25460,ND,ND,ND,ND,0.065,ND,ND,ND,ND
"Harrisonburg, VA",125228,25500,ND,ND,9,37,0.066,ND,8.3,38,2
"Hartford-West Hartford-East Hartford, CT",1212381,25540,1,ND,13,46,0.075,84,8.2,24,ND
"Hattiesburg, MS",142842,25620,ND,ND,ND,ND,ND,ND,10,23,ND
"Havre, MT",9310,25660,ND,ND,ND,ND,ND,ND,IN,42,ND
"Helena, MT",74801,25740,1,ND,ND,ND,0.061,ND,8.5,30,IN
"Helena-West Helena, AR",21757,25760,ND,ND,ND,ND,ND,ND,IN,IN,ND
"Hermiston-Pendleton, OR",87062,25840,ND,ND,ND,ND,0.062,ND,IN,IN,ND
"Hickory-Lenoir-Morganton, NC",365497,25860,ND,ND,ND,ND,0.066,35,8.5,24,ND
"Hilo, HI",185079,25900,ND,ND,ND,ND,ND,ND,3.6,12,236
"Hilton Head Island-Bluffton-Beaufort, SC",187010,25940,ND,ND,ND,ND,ND,ND,IN,IN,ND
"Hobbs, NM",64727,26020,ND,ND,5,33,0.074,ND,6.4,19,ND
"Holland, MI",111408,26090,ND,ND,ND,ND,0.075,ND,IN,IN,ND
"Homosassa Springs, FL",141236,26140,ND,ND,ND,ND,ND,ND,IN,IN,22
"Hot Springs, AR",96024,26300,ND,ND,ND,ND,ND,ND,IN,IN,ND
"Houma-Thibodaux, LA",208178,26380,ND,ND,ND,ND,0.064,ND,9.6,42,ND
"Houston-The Woodlands-Sugar Land, TX",5920416,26420,2,ND,18,60,0.09,161,13.1,28,13
"Huntington-Ashland, WV-KY-OH",364908,26580,ND,ND,5,29,0.065,65,8.7,29,6
"Huntsville, AL",417593,26620,ND,ND,ND,ND,0.067,61,8.6,21,ND
"Hutchinson, MN",36651,26780,ND,ND,ND,ND,ND,ND,IN,IN,ND
"Idaho Falls, ID",133265,26820,ND,ND,ND,ND,0.06,ND,IN,IN,ND
"Indiana, PA",88880,26860,ND,ND,ND,ND,0.07,ND,IN,IN,23
"Indianapolis-Carmel-Anderson, IN",1887877,26900,2,ND,13,44,0.077,147,13.7,44,3
"Ionia, MI",63905,26960,ND,0.02,ND,ND,ND,ND,ND,ND,ND
"Iowa City, IA",152586,26980,ND,ND,ND,ND,ND,ND,9.7,25,ND
"Iron Mountain, MI-WI",30591,27020,ND,ND,ND,ND,ND,ND,IN,IN,ND
"Ithaca, NY",101564,27060,ND,ND,ND,ND,0.065,ND,ND,ND,ND
"Jackson, MS",567122,27140,1,ND,ND,ND,0.068,65,9.8,25,3
"Jackson, TN",130011,27180,ND,ND,ND,ND,ND,ND,8.4,19,ND
"Jackson, WY-ID",31464,27220,0,ND,1,IN,0.06,50,2.8,10,ND
"Jacksonville, FL",1345596,27260,1,ND,10,40,0.062,55,7.9,20,40
"Jacksonville, NC",177772,27340,ND,ND,ND,ND,ND,ND,IN,IN,ND
"Jamestown-Dunkirk-Fredonia, NY",134905,27460,ND,ND,ND,ND,0.072,ND,IN,IN,ND
"Janesville-Beloit, WI",160331,27500,ND,ND,ND,ND,0.084,ND,IN,IN,ND
"Jasper, IN",54734,27540,ND,ND,ND,ND,ND,60,8.6,23,ND
"Jefferson City, MO",149807,27620,ND,ND,ND,ND,0.071,ND,ND,ND,ND
"Johnstown, PA",143679,27780,1,ND,6,30,0.066,84,8.7,26,10
"Jonesboro, AR",121026,27860,ND,ND,ND,ND,ND,ND,IN,IN,ND
"Joplin, MO",175518,27900,ND,ND,ND,ND,0.069,120,IN,IN,ND
"Juneau, AK",31275,27940,ND,ND,ND,ND,ND,36,4.7,16,ND
"Kahului-Wailuku-Lahaina, HI",154924,27980,ND,ND,ND,ND,ND,ND,4,8,ND
"Kalamazoo-Portage, MI",326589,28020,ND,ND,ND,ND,0.071,ND,12.9,IN,ND
"Kalispell, MT",90928,28060,ND,ND,ND,ND,0.057,96,9.5,40,ND
"Kansas City, MO-KS",2009342,28140,1,ND,11,45,0.077,256,9.6,27,6
"Kapaa, HI",67091,28180,ND,ND,ND,ND,ND,ND,IN,IN,IN
"Keene, NH",77117,28300,ND,ND,ND,ND,0.06,ND,7.5,21,ND
"Kennewick-Richland, WA",253340,28420,ND,ND,ND,ND,0.067,185,IN,IN,ND
"Ketchikan, AK",13477,28540,ND,ND,ND,ND,ND,ND,IN,IN,ND
"Killeen-Temple, TX",405300,28660,ND,ND,2,23,0.076,ND,7.7,22,ND
"Kingsport-Bristol-Bristol, TN-VA",309544,28700,ND,0.26,ND,ND,0.065,ND,8.4,22,61
"Kingsville, TX",32477,28780,ND,ND,ND,ND,ND,ND,9.4,24,ND
"Kinston, NC",59495,28820,ND,ND,ND,ND,0.067,23,IN,IN,ND
"Klamath Falls, OR",66380,28900,ND,ND,ND,ND,ND,ND,9.5,34,ND
"Knoxville, TN",837571,28940,1,0.06,1,IN,0.071,68,9.6,26,IN
"Kokomo, IN",82752,29020,ND,ND,ND,ND,0.074,ND,8.6,25,ND
"Laconia, NH",60088,29060,ND,ND,ND,ND,0.062,ND,5.1,16,ND
"La Crosse-Onalaska, WI-MN",133665,29100,ND,ND,ND,ND,0.076,ND,9.2,35,ND
"Lafayette, LA",466750,29180,ND,ND,ND,ND,0.068,48,8.2,15,ND
"Lafayette-West Lafayette, IN",201789,29200,ND,ND,ND,ND,0.074,ND,9.2,26,ND
"La Grande, OR",25748,29260,ND,ND,ND,ND,ND,30,IN,IN,ND
"Lake Charles, LA",199607,29340,ND,ND,5,25,0.07,65,10,23,6
"Lake City, FL",67531,29380,ND,ND,ND,ND,0.061,ND,ND,ND,ND
"Lake Havasu City-Kingman, AZ",200186,29420,ND,ND,ND,ND,ND,138,IN,IN,ND
"Lakeland-Winter Haven, FL",602095,29460,ND,ND,ND,ND,0.066,51,IN,IN,15
"Lancaster, PA",519445,29540,ND,0.03,ND,ND,0.069,107,10.2,33,ND
"Lansing-East Lansing, MI",464036,29620,ND,ND,6,32,0.069,ND,IN,48,2
"Laramie, WY",36299,29660,ND,ND,IN,IN,0.065,195,2.5,8,IN
"Laredo, TX",250304,29700,1,ND,ND,ND,0.068,62,9.1,28,ND
"Las Cruces, NM",209233,29740,ND,ND,8,48,0.073,265,8.3,18,ND
"Las Vegas-Henderson-Paradise, NV",1951269,29820,2,ND,20,52,0.074,209,8.2,27,5
"Laurel, MS",84823,29860,ND,ND,ND,ND,ND,ND,IN,IN,ND
"Lawrenceburg, TN",41869,29980,ND,ND,ND,ND,ND,ND,8.3,19,ND
"Lawton, OK",130291,30020,ND,ND,ND,ND,0.071,ND,6.9,17,ND
"Lebanon, PA",133568,30140,ND,ND,ND,ND,0.07,ND,9.4,28,ND
"Lewiston, ID-WA",60888,30300,ND,ND,ND,ND,ND,ND,IN,IN,ND
"Lewiston-Auburn, ME",107702,30340,ND,ND,ND,ND,0.058,22,5.3,17,ND
"Lexington-Fayette, KY",472099,30460,ND,ND,6,39,0.07,28,8.3,27,7
"Lima, OH",106331,30620,ND,ND,ND,ND,0.072,ND,8.5,35,3
"Lincoln, NE",302157,30700,ND,ND,ND,ND,0.068,ND,IN,IN,ND
"Little Rock-North Little Rock-Conway, AR",699757,30780,1,ND,3,13,0.07,39,10.8,23,4
"Logan, UT-ID",125442,30860,ND,ND,5,37,0.067,ND,7.5,38,ND
"London, KY",126369,30940,ND,ND,ND,ND,ND,ND,IN,IN,ND
"Longview, TX",214369,30980,ND,ND,2,22,0.067,ND,IN,IN,13
"Longview, WA",102410,31020,ND,ND,ND,ND,ND,ND,IN,IN,ND
"Los Angeles-Long Beach-Anaheim, CA",12828837,31080,3,0.02,21,61,0.103,124,11.1,28,8
"Louisville/Jefferson County, KY-IN",1235708,31140,2,ND,13,47,0.075,96,10.7,32,13
"Lubbock, TX",290805,31180,ND,ND,ND,ND,ND,ND,5.3,15,ND
"Ludington, MI",28705,31220,ND,ND,ND,ND,0.069,ND,ND,ND,ND
"Lumberton, NC",134168,31300,ND,ND,ND,ND,ND,ND,IN,IN,ND
"Lynchburg, VA",252634,31340,ND,ND,ND,ND,ND,ND,7.7,23,ND
"Macon, GA",232293,31420,ND,ND,ND,ND,0.068,ND,11.1,27,3
"Madera, CA",150865,31460,ND,ND,5,24,0.077,114,9.9,28,ND
"Madison, WI",605435,31540,ND,ND,ND,ND,0.082,208,10.7,39,ND
"Manchester-Nashua, NH",400721,31700,1,ND,ND,ND,0.067,ND,4.5,20,1
"Manitowoc, WI",81442,31820,ND,ND,ND,ND,0.069,ND,IN,IN,ND
"Mankato-North Mankato, MN",96740,31860,ND,ND,ND,ND,ND,ND,IN,IN,ND
"Marietta, OH",61778,31930,ND,0,ND,ND,0.064,ND,ND,ND,26
"Marion, NC",44996,32000,ND,ND,ND,ND,ND,ND,IN,IN,ND
"Marion, OH",66501,32020,ND,0.02,ND,ND,ND,ND,ND,ND,ND
"Marshall, MN",25857,32140,ND,ND,ND,ND,0.071,ND,9.6,43,ND
"Marshall, TX",65631,32220,ND,ND,2,IN,0.065,ND,8.7,18,10
"Mason City, IA",51749,32380,ND,ND,ND,ND,ND,62,IN,IN,ND
"Mayagüez, PR",106330,32420,ND,ND,ND,ND,0.043,ND,IN,IN,ND
"McAlester, OK",45837,32540,ND,0.01,ND,ND,0.072,ND,8.3,19,ND
"McAllen-Edinburg-Mission, TX",774769,32580,ND,ND,ND,ND,0.051,47,IN,IN,ND
"Medford, OR",203206,32780,ND,ND,ND,ND,0.062,IN,IN,135,ND
"Memphis, TN-MS-AR",1324829,32820,1,ND,9,38,0.074,67,10.6,27,2
"Merced, CA",255793,32900,ND,ND,6,33,0.075,105,9.6,32,ND
"Meridian, MS",107449,32940,ND,ND,ND,ND,0.059,ND,IN,IN,ND
"Miami, OK",31848,33060,ND,0.05,ND,ND,0.071,112,9.5,24,ND
"Miami-Fort Lauderdale-West Palm Beach, FL",5564635,33100,2,ND,15,53,0.066,65,9.4,24,2
"Michigan City-La Porte, IN",111467,33140,ND,ND,ND,ND,0.077,ND,8.7,20,ND
"Middlesborough, KY",28691,33180,ND,ND,ND,ND,0.061,ND,9.4,24,ND
"Milwaukee-Waukesha-West Allis, WI",1555908,33340,1,ND,11,46,0.08,209,11,39,3
"Minneapolis-St. Paul-Bloomington, MN-WI",3348859,33460,4,0.46,12,45,0.079,118,10.6,41,14
"Minot, ND",69540,33500,ND,ND,2,11,0.075,ND,9.2,53,8
"Missoula, MT",109299,33540,ND,ND,ND,ND,0.055,50,9.8,25,ND
"Mobile, AL",412992,33660,ND,ND,ND,ND,0.064,47,8.7,19,IN
"Modesto, CA",514453,33700,1,ND,8,39,0.077,121,10.5,33,ND
"Monroe, LA",176441,33740,ND,ND,ND,ND,0.065,ND,8.3,20,ND
"Monroe, MI",152021,33780,ND,ND,ND,ND,ND,79,IN,IN,ND
"Montgomery, AL",374536,33860,ND,ND,ND,ND,0.065,32,10.3,21,ND
"Morehead City, NC",66469,33980,ND,ND,ND,ND,0.07,ND,ND,ND,ND
"Morgantown, WV",129709,34060,ND,ND,ND,ND,0.066,ND,8.3,26,10
"Morristown, TN",113951,34100,ND,ND,ND,ND,0.066,ND,ND,ND,ND
"Moscow, ID",37244,34140,ND,ND,ND,ND,ND,ND,IN,IN,ND
"Moses Lake, WA",89120,34180,ND,ND,ND,ND,ND,ND,IN,IN,ND
"Mount Pleasant, TX",32334,34420,ND,ND,ND,ND,ND,ND,ND,ND,18
"Mount Vernon, IL",38827,34500,ND,ND,ND,ND,0.074,ND,8.6,23,ND
"Mount Vernon, OH",60921,34540,ND,ND,ND,ND,0.069,ND,ND,ND,ND
"Mount Vernon-Anacortes, WA",116901,34580,ND,ND,ND,ND,0.046,ND,5.3,12,4
"Muncie, IN",117671,34620,ND,0.03,ND,ND,0.071,ND,8.3,25,ND
"Muscatine, IA",42745,34700,ND,ND,ND,ND,ND,52,9.7,24,9
"Muskegon, MI",172188,34740,ND,ND,ND,ND,0.075,ND,IN,IN,ND
"Muskogee, OK",70990,34780,ND,ND,ND,ND,ND,ND,IN,IN,ND
"Myrtle Beach-Conway-North Myrtle Beach, SC-NC",376722,34820,ND,ND,ND,ND,0.067,ND,7.9,23,ND
"Napa, CA",136484,34900,ND,ND,ND,ND,ND,ND,IN,IN,ND
"Naples-Immokalee-Marco Island, FL",321520,34940,ND,ND,ND,ND,0.062,ND,ND,ND,ND
"Nashville-Davidson--Murfreesboro--Franklin, TN",1670890,34980,2,ND,13,52,0.076,57,10.2,25,6
"Natchez, MS-LA",53119,35020,ND,ND,ND,ND,ND,ND,IN,IN,ND
"New Castle, IN",49462,35220,ND,ND,ND,ND,ND,ND,9.4,39,ND
"New Castle, PA",91108,35260,ND,0.01,ND,ND,0.059,ND,ND,ND,ND
"New Haven-Milford, CT",862477,35300,1,ND,11,50,0.078,34,8.5,25,2
"New Orleans-Metairie, LA",1189866,35380,2,0.02,8,39,0.071,49,9.4,19,52
"New York-Newark-Jersey City, NY-NJ-PA",19567410,35620,2,ND,19,60,0.076,41,10.5,40,5
"Niles-Benton Harbor, MI",156813,35660,ND,ND,ND,ND,0.078,ND,IN,IN,ND
"Nogales, AZ",47420,35700,ND,ND,ND,ND,ND,126,7.6,26,ND
"North Platte, NE",37590,35820,ND,ND,ND,ND,ND,ND,IN,IN,ND
"North Port-Sarasota-Bradenton, FL",702281,35840,ND,ND,ND,ND,0.066,53,7,16,IN
"Norwich-New London, CT",274055,35980,ND,ND,ND,ND,0.073,ND,7.2,24,ND
"Ocala, FL",331298,36100,ND,ND,ND,ND,0.062,ND,IN,IN,ND
"Odessa, TX",137130,36220,ND,ND,ND,ND,ND,ND,6.8,16,ND
"Ogden-Clearfield, UT",597159,36260,1,ND,12,51,0.073,69,7.3,26,ND
"Ogdensburg-Massena, NY",111944,36300,ND,ND,ND,ND,ND,ND,IN,IN,73
"Oklahoma City, OK",1252987,36420,1,ND,12,29,0.074,89,9.2,21,1
"Olympia-Tumwater, WA",252264,36500,ND,ND,ND,ND,0.055,ND,IN,IN,ND
"Omaha-Council Bluffs, NE-IA",865350,36540,1,0.06,ND,ND,0.082,79,9.7,33,39
"Orangeburg, SC",92501,36700,ND,ND,ND,ND,ND,ND,IN,IN,ND
"Orlando-Kissimmee-Sanford, FL",2134411,36740,1,ND,IN,IN,0.069,54,6.8,16,4
"Oshkosh-Neenah, WI",166994,36780,ND,ND,ND,ND,ND,ND,IN,IN,ND
"Othello, WA",18728,36830,ND,ND,ND,ND,ND,ND,IN,IN,ND
"Ottawa-Peru, IL",154908,36860,ND,ND,ND,ND,ND,ND,IN,IN,16
"Owensboro, KY",114752,36980,ND,ND,IN,IN,0.074,ND,IN,IN,IN
"Oxford, NC",59916,37080,ND,ND,ND,ND,0.066,ND,ND,ND,ND
"Oxnard-Thousand Oaks-Ventura, CA",823318,37100,ND,ND,5,29,0.076,71,6.5,16,ND
"Paducah, KY-IL",98762,37140,ND,ND,5,30,0.072,ND,8.5,22,10
"Pahrump, NV",43946,37220,ND,ND,ND,ND,ND,232,ND,ND,ND
"Palatka, FL",74364,37260,ND,ND,ND,ND,ND,53,ND,ND,IN
"Palm Bay-Melbourne-Titusville, FL",543376,37340,ND,ND,ND,ND,0.064,58,6.5,14,ND
"Panama City, FL",184715,37460,ND,ND,ND,ND,0.061,ND,IN,IN,ND
"Parkersburg-Vienna, WV",92673,37620,ND,ND,ND,ND,0.069,ND,8.9,27,28
"Payson, AZ",53597,37740,ND,0.05,ND,ND,0.076,123,IN,IN,68
"Pensacola-Ferry Pass-Brent, FL",448991,37860,ND,ND,ND,ND,0.066,56,9.4,21,7
"Peoria, IL",379186,37900,ND,ND,ND,ND,0.08,ND,IN,IN,5
"Philadelphia-Camden-Wilmington, PA-NJ-DE-MD",5965343,37980,1,0,15,48,0.074,174,13.3,37,5
"Phoenix-Mesa-Scottsdale, AZ",4192887,38060,2,ND,24,58,0.083,387,9.8,32,4
"Picayune, MS",55834,38100,ND,ND,ND,ND,ND,ND,IN,IN,ND
"Pierre, SD",21361,38180,ND,ND,ND,ND,ND,ND,5.1,32,ND
"Pine Bluff, AR",100258,38220,ND,ND,ND,ND,ND,ND,IN,IN,ND
"Pittsburgh, PA",2356285,38300,3,0,9,38,0.071,168,12,36,65
"Pittsfield, MA",131219,38340,ND,ND,ND,ND,0.065,ND,7.7,27,ND
"Platteville, WI",51208,38420,ND,ND,ND,ND,ND,ND,10.4,34,ND
"Pocatello, ID",82839,38540,ND,ND,ND,ND,0.057,655,IN,IN,42
"Point Pleasant, WV-OH",58258,38580,ND,ND,ND,ND,ND,ND,ND,ND,52
"Ponca City, OK",46562,38620,ND,ND,ND,ND,ND,ND,9.2,22,5
"Ponce, PR",350480,38660,10,ND,ND,ND,ND,109,IN,IN,ND
"Port Angeles, WA",71404,38820,0,ND,ND,ND,0.05,ND,IN,IN,IN
"Portland-South Portland, ME",514098,38860,ND,ND,6,IN,0.062,91,8.2,30,ND
"Portland-Vancouver-Hillsboro, OR-WA",2226009,38900,1,ND,9,29,0.068,27,6.5,25,IN
"Port St. Lucie, FL",424107,38940,ND,ND,ND,ND,0.059,70,6.8,15,ND
"Portsmouth, OH",79499,39020,ND,ND,ND,ND,ND,122,8.9,34,12
"Prescott, AZ",211033,39140,ND,ND,ND,ND,0.064,ND,IN,IN,ND
"Price, UT",21403,39220,ND,ND,2,IN,0.059,ND,3.6,7,ND
"Prineville, OR",20978,39260,ND,ND,ND,ND,ND,ND,8.6,49,ND
"Providence-Warwick, RI-MA",1600852,39300,2,ND,13,35,0.075,29,8.2,29,3
"Provo-Orem, UT",526810,39340,1,ND,8,39,0.066,76,6.8,21,ND
"Pueblo, CO",159063,39380,ND,ND,ND,ND,0.067,61,5.2,10,ND
"Pullman, WA",44776,39420,ND,ND,ND,ND,ND,ND,IN,IN,ND
"Quincy, IL-MO",77314,39500,ND,ND,ND,ND,0.076,ND,IN,IN,ND
"Raleigh, NC",1130490,39580,1,ND,9,36,0.064,60,9.2,31,2
"Rapid City, SD",134598,39660,ND,ND,4,31,0.068,191,8.4,31,2
"Reading, PA",411442,39740,ND,0.02,ND,ND,0.074,ND,10.2,29,3
"Red Bluff, CA",63463,39780,ND,ND,ND,ND,0.069,69,6.1,15,ND
"Redding, CA",177223,39820,ND,ND,ND,ND,0.067,27,6.8,21,ND
"Red Wing, MN",46183,39860,ND,ND,ND,ND,0.072,ND,ND,ND,ND
"Reno, NV",425417,39900,2,ND,11,49,0.067,63,7.2,18,3
"Richmond, VA",1208101,40060,1,ND,13,47,0.067,65,8.7,28,3
"Richmond-Berea, KY",99972,40080,ND,0.03,ND,ND,ND,ND,IN,IN,ND
"Riverside-San Bernardino-Ontario, CA",4224851,40140,1,0.01,27,69,0.107,619,12.3,37,2
"Riverton, WY",40123,40180,ND,ND,4,28,0.065,46,6.3,20,124
"Roanoke, VA",308707,40220,1,ND,5,31,0.064,ND,8,28,3
"Roanoke Rapids, NC",76790,40260,ND,ND,1,12,ND,ND,7.9,25,ND
"Rochester, MN",206877,40340,ND,ND,ND,ND,0.074,ND,9.6,33,ND
"Rochester, NY",1079671,40380,1,ND,7,29,0.067,50,8.4,28,2
"Rockford, IL",349431,40420,ND,ND,ND,ND,0.08,ND,10.5,34,ND
"Rockland, ME",7297,"Rockland, ME",7297,"Rockland, ME",7297,"Rockland, ME",7297,"Rockland, ME",7297,"Rockland, ME",7297
"Rock Springs, WY",43806,40540,ND,ND,3,13,0.076,106,3.7,11,15
"Rocky Mount, NC",152392,40580,ND,ND,ND,ND,0.063,ND,IN,IN,ND
"Rome, GA",96317,40660,ND,ND,ND,ND,ND,ND,IN,IN,ND
"Roseburg, OR",107667,40700,ND,ND,ND,ND,ND,ND,IN,IN,ND
"Roswell, NM",65645,40740,ND,ND,ND,ND,ND,ND,IN,IN,ND
"Russellville, AR",83939,40780,ND,ND,ND,ND,ND,ND,IN,IN,ND
"Rutland, VT",61642,40860,1,ND,5,30,0.063,34,7.2,21,1
"Sacramento--Roseville--Arden-Arcade, CA",2149127,40900,IN,ND,9,33,0.077,57,9.4,28,2
"Saginaw, MI",200169,40980,ND,ND,ND,ND,ND,ND,IN,IN,ND
"St. Cloud, MN",189093,41060,ND,ND,ND,ND,0.073,ND,9.4,34,ND
"St. George, UT",138115,41100,ND,ND,4,29,0.064,ND,4.3,9,ND
"St. Joseph, MO-KS",127329,41140,ND,ND,ND,ND,0.072,73,9.5,22,ND
"St. Louis, MO-IL",2787701,41180,2,0.1,10,43,0.082,160,11.3,26,38
"St. Marys, PA",13070,41260,ND,ND,ND,ND,0.067,ND,ND,ND,ND
"Salem, OH",107841,41400,ND,0.02,ND,ND,ND,47,ND,ND,ND
"Salem, OR",390738,41420,ND,ND,ND,ND,0.064,ND,IN,IN,ND
"Salina, KS",61697,41460,ND,0.03,ND,ND,ND,ND,ND,ND,ND
"Salinas, CA",415057,41500,1,ND,3,24,0.053,67,7.7,18,ND
"Salisbury, MD-DE",373802,41540,ND,ND,ND,ND,0.068,ND,9,29,ND
"Salt Lake City, UT",1087873,41620,1,ND,16,57,0.076,79,8.6,31,5
"San Antonio-New Braunfels, TX",2142508,41700,1,ND,8,37,0.076,50,9,26,2
"San Diego-Carlsbad, CA",3095313,41740,1,0.02,14,49,0.08,142,12.5,24,IN
"Sandpoint, ID",40877,41760,ND,ND,ND,ND,ND,82,IN,IN,ND
"Sanford, NC",57866,41820,ND,ND,ND,ND,ND,ND,IN,IN,ND
"San Francisco-Oakland-Hayward, CA",4335391,41860,4,ND,11,102,0.069,48,9.9,23,18
"San Jose-Sunnyvale-Santa Clara, CA",1836911,41940,1,0.02,13,44,0.067,59,8.2,25,2
"San Juan-Carolina-Caguas, PR",2350126,41980,2,ND,IN,IN,0.033,73,6.9,20,0
"San Luis Obispo-Paso Robles-Arroyo Grande, CA",269637,42020,ND,ND,4,29,0.073,127,6.8,19,2
"Santa Cruz-Watsonville, CA",262382,42100,ND,ND,ND,ND,0.051,ND,5.6,15,ND
"Santa Fe, NM",144170,42140,ND,ND,ND,ND,0.064,ND,IN,IN,ND
"Santa Maria-Santa Barbara, CA",423895,42200,1,ND,2,18,0.062,81,8,19,2
"Santa Rosa, CA",483878,42220,1,ND,3,25,0.046,48,5,17,ND
"Sault Ste. Marie, MI",38520,42300,ND,ND,ND,ND,ND,ND,IN,IN,ND
"Savannah, GA",347611,42340,ND,ND,ND,ND,0.061,ND,8.8,24,44
"Sayre, PA",62622,42380,ND,ND,ND,ND,0.067,ND,IN,IN,ND
"Scottsbluff, NE",38971,42420,ND,ND,ND,ND,ND,ND,5.4,20,ND
"Scranton--Wilkes-Barre--Hazleton, PA",563631,42540,1,ND,10,46,0.067,90,9.3,28,2
"Searcy, AR",77076,42620,ND,ND,ND,ND,ND,ND,IN,IN,ND
"Seattle-Tacoma-Bellevue, WA",3439809,42660,1,ND,15,50,0.068,17,8.5,29,3
"Sebastian-Vero Beach, FL",138028,42680,ND,ND,ND,ND,0.058,ND,ND,ND,ND
"Sebring, FL",98786,42700,ND,ND,ND,ND,0.062,ND,ND,ND,ND
"Seneca, SC",74273,42860,ND,ND,ND,ND,ND,ND,IN,IN,ND
"Sevierville, TN",89889,42940,ND,ND,ND,ND,0.069,ND,ND,ND,ND
"Shawnee, OK",69442,43060,ND,ND,ND,ND,ND,ND,IN,IN,ND
"Sheboygan, WI",115507,43100,ND,ND,ND,ND,0.082,ND,ND,ND,ND
"Shelton, WA",60699,43220,ND,ND,ND,ND,ND,ND,IN,IN,ND
"Sheridan, WY",29116,43260,ND,ND,ND,ND,0.038,60,6.8,24,ND
"Show Low, AZ",107449,43320,ND,ND,ND,ND,0.063,39,ND,ND,ND
"Shreveport-Bossier City, LA",439811,43340,ND,ND,ND,ND,0.066,73,IN,IN,4
"Sierra Vista-Douglas, AZ",131346,43420,ND,ND,ND,ND,0.067,80,IN,IN,ND
"Silver City, NM",29514,43500,ND,ND,ND,ND,ND,ND,IN,IN,ND
"Sioux City, IA-NE-SD",168563,43580,ND,ND,ND,ND,ND,ND,9.7,28,ND
"Sioux Falls, SD",228261,43620,IN,ND,5,40,0.082,80,IN,IN,1
"Somerset, KY",63063,43700,ND,ND,ND,ND,0.063,ND,8,22,ND
"Somerset, PA",77742,43740,ND,ND,ND,ND,0.067,ND,ND,ND,ND
"Sonora, CA",55365,43760,ND,ND,ND,ND,0.067,ND,ND,ND,ND
"South Bend-Mishawaka, IN-MI",319224,43780,ND,ND,4,30,0.075,ND,10.5,32,ND
"Spartanburg, SC",313268,43900,ND,ND,ND,ND,0.07,ND,8.9,23,ND
"Spokane-Spokane Valley, WA",527753,44060,ND,ND,ND,ND,0.062,189,10.1,31,ND
"Springfield, IL",210170,44100,ND,ND,ND,ND,0.077,ND,9.6,22,ND
"Springfield, MA",621570,44140,ND,ND,10,41,0.065,62,8.9,24,2
"Springfield, MO",436712,44180,ND,ND,ND,ND,0.072,65,7.7,19,ND
"Springfield, OH",138333,44220,ND,ND,ND,ND,0.069,ND,10,33,ND
"State College, PA",153990,44300,ND,ND,4,25,0.069,ND,8.9,31,2
"Steamboat Springs, CO",23509,44460,ND,ND,ND,ND,ND,60,IN,IN,ND
"Stillwater, OK",77350,44660,ND,ND,ND,ND,ND,ND,IN,IN,ND
"Stockton-Lodi, CA",685306,44700,1,ND,8,23,0.064,113,7.9,30,ND
"Summerville, GA",26015,44900,ND,ND,ND,ND,0.063,ND,ND,ND,ND
"Syracuse, NY",662577,45060,ND,ND,ND,ND,0.07,ND,7.8,31,ND
"Tahlequah, OK",46987,45140,ND,ND,ND,ND,ND,ND,IN,IN,ND
"Talladega-Sylacauga, AL",93830,45180,ND,ND,ND,ND,ND,ND,IN,IN,ND
"Tallahassee, FL",367413,45220,1,ND,ND,ND,0.059,ND,8.1,18,2
"Tampa-St. Petersburg-Clearwater, FL",2783243,45300,1,0.05,9,36,0.069,76,7.8,16,48
"Taos, NM",32937,45340,ND,ND,ND,ND,ND,ND,4,12,ND
"Terre Haute, IN",172425,45460,ND,ND,ND,ND,0.072,ND,10.5,27,4
"Texarkana, TX-AR",149198,45500,ND,ND,ND,ND,ND,ND,IN,IN,ND
"The Dalles, OR",25213,45520,ND,ND,ND,ND,ND,ND,IN,IN,ND
"Toledo, OH",610001,45780,ND,0.01,ND,ND,0.074,IN,10.5,33,15
"Topeka, KS",233870,45820,ND,ND,ND,ND,0.074,108,8.9,22,ND
"Torrington, CT",189927,45860,1,ND,ND,ND,0.076,ND,6,23,1
"Traverse City, MI",143372,45900,ND,ND,ND,ND,0.07,ND,IN,IN,ND
"Trenton, NJ",366513,45940,ND,ND,ND,ND,0.071,ND,10,26,ND
"Troy, AL",32899,45980,ND,0.15,ND,ND,ND,ND,ND,ND,ND
"Truckee-Grass Valley, CA",98764,46020,ND,ND,ND,ND,0.07,ND,4.7,12,ND
"Tucson, AZ",980263,46060,1,ND,13,39,0.07,201,7.8,16,1
"Tulsa, OK",937478,46140,1,ND,6,33,0.078,101,9.3,20,3
"Tupelo, MS",136268,46180,ND,ND,ND,ND,0.064,ND,IN,IN,ND
"Tuscaloosa, AL",230162,46220,ND,ND,ND,ND,0.063,ND,8.1,21,ND
"Twin Falls, ID",99604,46300,ND,ND,ND,ND,ND,ND,IN,IN,ND
"Tyler, TX",209714,46340,ND,ND,2,15,0.071,ND,ND,ND,ND
"Ukiah, CA",87841,46380,ND,ND,ND,ND,0.049,62,12.1,32,ND
"Urban Honolulu, HI",953207,46520,0,ND,3,23,0.046,46,4.1,10,60
"Utica-Rome, NY",299397,46540,ND,ND,ND,ND,ND,ND,IN,IN,ND
"Valdosta, GA",139588,46660,ND,ND,ND,ND,ND,ND,9.5,25,ND
"Vallejo-Fairfield, CA",413344,46700,2,ND,6,IN,0.061,32,5.9,16,3
"Vermillion, SD",13864,46820,ND,ND,ND,ND,0.074,ND,8.7,41,ND
"Vernal, UT",32588,46860,ND,ND,5,38,0.098,ND,6.6,24,ND
"Vicksburg, MS",58377,46980,ND,ND,ND,ND,ND,ND,IN,IN,ND
"Victoria, TX",94003,47020,ND,ND,ND,ND,0.059,ND,ND,ND,ND
"Vincennes, IN",38440,47180,ND,ND,ND,ND,0.075,ND,IN,IN,ND
"Vineland-Bridgeton, NJ",156898,47220,ND,ND,5,34,0.068,ND,8.3,24,ND
"Vineyard Haven, MA",16535,47240,ND,ND,ND,ND,0.073,ND,ND,ND,ND
"Virginia Beach-Norfolk-Newport News, VA-NC",1676822,47260,1,ND,8,37,0.066,62,8.1,28,3
"Visalia-Porterville, CA",442179,47300,ND,ND,7,36,0.087,104,11.7,70,ND
"Wabash, IN",32888,47340,ND,ND,ND,ND,0.07,ND,ND,ND,ND
"Waco, TX",252772,47380,1,ND,ND,ND,0.076,ND,IN,IN,5
"Walla Walla, WA",62859,47460,ND,ND,ND,ND,0.057,201,IN,IN,ND
"Walterboro, SC",5401,47500,ND,ND,ND,ND,ND,ND,IN,IN,ND
"Warner Robins, GA",179605,47580,ND,ND,ND,ND,ND,ND,9.4,23,ND
"Warren, PA",41815,47620,ND,ND,ND,ND,ND,ND,ND,ND,41
"Washington, NC",47759,47820,ND,ND,ND,ND,ND,ND,ND,ND,9
"Washington-Arlington-Alexandria, DC-VA-MD-WV",5636232,47900,2,ND,16,47,0.076,142,9.7,33,3
"Waterloo-Cedar Falls, IA",167819,47940,ND,ND,ND,ND,0.078,ND,9.5,25,ND
"Watertown, SD",27227,47980,ND,ND,ND,ND,0.072,103,9.5,29,ND
"Watertown-Fort Atkinson, WI",83686,48020,ND,ND,ND,ND,0.079,ND,IN,IN,ND
"Watertown-Fort Drum, NY",116229,48060,ND,ND,ND,ND,0.064,ND,ND,ND,ND
"Wausau, WI",134063,48140,ND,ND,ND,ND,0.075,ND,IN,IN,ND
"Weatherford, OK",27469,48220,ND,ND,ND,ND,ND,ND,IN,IN,ND
"Weirton-Steubenville, WV-OH",124454,48260,ND,ND,ND,ND,0.071,207,10,25,31
"Wenatchee, WA",110884,48300,ND,ND,ND,ND,ND,ND,IN,IN,ND
"West Plains, MO",40400,48460,ND,ND,ND,ND,ND,ND,IN,IN,ND
"Wheeling, WV-OH",147950,48540,ND,ND,4,27,0.07,45,10.5,31,7
"Whitewater-Elkhorn, WI",102228,48580,ND,ND,ND,ND,0.082,ND,ND,ND,ND
"Wichita, KS",630919,48620,ND,ND,6,23,0.068,99,IN,IN,2
"Williamsport, PA",116111,48700,ND,ND,ND,ND,0.069,ND,IN,IN,ND
"Williston, ND",22398,48780,ND,ND,ND,ND,ND,ND,IN,IN,9
"Willmar, MN",42239,48820,ND,ND,ND,ND,ND,ND,IN,IN,ND
"Wilmington, NC",254884,48900,ND,ND,ND,ND,0.067,45,6.8,19,ND
"Wilmington, OH",42040,48940,ND,ND,ND,ND,0.074,ND,ND,ND,ND
"Winchester, VA-WV",128472,49020,ND,ND,ND,ND,0.068,89,8.7,33,ND
"Winona, MN",51461,49100,ND,ND,ND,ND,ND,ND,IN,IN,ND
"Winston-Salem, NC",640595,49180,ND,ND,7,40,0.069,72,9.5,31,2
"Wisconsin Rapids-Marshfield, WI",74749,49220,ND,ND,ND,ND,ND,ND,IN,IN,ND
"Worcester, MA-CT",916980,49340,1,ND,9,41,0.063,74,7,21,2
"Yakima, WA",243231,49420,ND,ND,ND,ND,ND,168,9.5,26,ND
"York-Hanover, PA",434972,49620,ND,ND,9,40,0.068,ND,10.7,36,IN
"Youngstown-Warren-Boardman, OH-PA",565773,49660,ND,ND,ND,ND,0.068,162,10.2,33,10
"Yuba City, CA",166892,49700,ND,ND,6,33,0.067,57,8.4,24,ND
"Yuma, AZ",195751,49740,ND,ND,ND,ND,0.072,350,8,22,ND
,,,,,,,,,,,
CO -  Second maximum non-overlapping 8-hour concentration (applicable NAAQS is 9 ppm),,,,,,,,,,,
Pb  -  Maximum rolling 3 month average (applicable NAAQS is 0.15 µg/m3),,,,,,,,,,,
NO2  (AM) -  Arithmetic mean concentration (applicable NAAQS is 53 ppb),,,,,,,,,,,
NO2  (1-hr)  -  98th percentile daily maximum 1-hour concentration (applicable NAAQS is 100 ppb),,,,,,,,,,,
O3  -  Fourth daily maximum 8-hour concentration (applicable NAAQS is 0.070 ppm),,,,,,,,,,,
PM10  -  Second maximum 24-hour concentration (applicable NAAQS is 150 µg/m3),,,,,,,,,,,
PM2.5  (Wtd AM)  -  Weighted annual mean concentration (applicable NAAQS is 9.0 µg/m3),,,,,,,,,,,
PM2.5  (24-hr)  -  98th percentile 24-hour concentration (applicable NAAQS is 35 µg/m3),,,,,,,,,,,
SO2  -  99th percentile daily maximum 1-hour concentration (applicable NAAQS is 75 ppb),,,,,,,,,,,
ND  -  No Data,,,,,,,,,,,
IN  -  Insufficient data to calculate summary statistic,,,,,,,,,,,
µg/m3  -  micrograms per cubic meter,,,,,,,,,,,
ppm  -  parts per million,,,,,,,,,,,
ppb  -  parts per billion,,,,,,,,,,,
